{
  "display": {
    "icon": {
      "id": "minecraft:bucket"
    },
    "title": [
      {
        "text": "なんでも入るバケツ",
        "color": "aqua"
      }
    ],
    "description": "バケツ、バケツ、バケツ",
    "frame": "goal",
    "show_toast": true,
    "announce_to_chat": true,
    "hidden": false
  },
  "parent": "us:collector/record",
  "criteria": {
    "water": {
      "trigger": "minecraft:inventory_changed",
      "conditions": {
        "items": [
          {
            "items": [
              "minecraft:water_bucket"
            ]
          }
        ]
      }
    },
    "pufferfish": {
      "trigger": "minecraft:inventory_changed",
      "conditions": {
        "items": [
          {
            "items": [
              "minecraft:pufferfish_bucket"
            ]
          }
        ]
      }
    },
    "salmon": {
      "trigger": "minecraft:inventory_changed",
      "conditions": {
        "items": [
          {
            "items": [
              "minecraft:pufferfish_bucket"
            ]
          }
        ]
      }
    },
    "cod": {
      "trigger": "minecraft:inventory_changed",
      "conditions": {
        "items": [
          {
            "items": [
              "minecraft:cod_bucket"
            ]
          }
        ]
      }
    },
    "tropical_fish": {
      "trigger": "minecraft:inventory_changed",
      "conditions": {
        "items": [
          {
            "items": [
              "minecraft:tropical_fish_bucket"
            ]
          }
        ]
      }
    },
    "axlolotl": {
      "trigger": "minecraft:inventory_changed",
      "conditions": {
        "items": [
          {
            "items": [
              "minecraft:axolotl_bucket"
            ]
          }
        ]
      }
    },
    "tadpole": {
      "trigger": "minecraft:inventory_changed",
      "conditions": {
        "items": [
          {
            "items": [
              "minecraft:tadpole_bucket"
            ]
          }
        ]
      }
    },
    "lava": {
      "trigger": "minecraft:inventory_changed",
      "conditions": {
        "items": [
          {
            "items": [
              "minecraft:lava_bucket"
            ]
          }
        ]
      }
    },
    "powder_snow": {
      "trigger": "minecraft:inventory_changed",
      "conditions": {
        "items": [
          {
            "items": [
              "minecraft:powder_snow_bucket"
            ]
          }
        ]
      }
    },
    "milk": {
      "trigger": "minecraft:inventory_changed",
      "conditions": {
        "items": [
          {
            "items": [
              "minecraft:milk_bucket"
            ]
          }
        ]
      }
    }
  },
  "rewards": {
    "function": "us:collector/bucket"
  }
}
