{
  "display": {
    "icon": {
      "id": "minecraft:goat_horn"
    },
    "title": [
      {
        "text": "山羊の音",
        "color": "dark_gray"
      }
    ],
    "description": "ちょっとうるさい",
    "frame": "goal",
    "show_toast": true,
    "announce_to_chat": true,
    "hidden": false
  },
  "parent": "us:collector/bucket",
  "criteria": {
    "1": {
      "trigger": "minecraft:inventory_changed",
      "conditions": {
        "items": [
          {
            "items": [
              "minecraft:goat_horn"
            ]
          }
        ]
      }
    },
    "2": {
      "trigger": "minecraft:inventory_changed",
      "conditions": {
        "items": [
          {
            "items": [
              "minecraft:goat_horn"
            ]
          }
        ]
      }
    },
    "3": {
      "trigger": "minecraft:inventory_changed",
      "conditions": {
        "items": [
          {
            "items": [
              "minecraft:goat_horn"
            ]
          }
        ]
      }
    },
    "4": {
      "trigger": "minecraft:inventory_changed",
      "conditions": {
        "items": [
          {
            "items": [
              "minecraft:goat_horn"
            ]
          }
        ]
      }
    },
    "5": {
      "trigger": "minecraft:inventory_changed",
      "conditions": {
        "items": [
          {
            "items": [
              "minecraft:goat_horn"
            ]
          }
        ]
      }
    },
    "6": {
      "trigger": "minecraft:inventory_changed",
      "conditions": {
        "items": [
          {
            "items": [
              "minecraft:goat_horn"
            ]
          }
        ]
      }
    },
    "7": {
      "trigger": "minecraft:inventory_changed",
      "conditions": {
        "items": [
          {
            "items": [
              "minecraft:goat_horn"
            ]
          }
        ]
      }
    },
    "8": {
      "trigger": "minecraft:inventory_changed",
      "conditions": {
        "items": [
          {
            "items": [
              "minecraft:goat_horn"
            ]
          }
        ]
      }
    }
  },
  "rewards": {
    "function": "us:collector/goat_horn"
  }
}
