{
  "display": {
    "icon": {
      "id": "minecraft:creeper_head"
    },
    "title": [
      {
        "text": "HEAD HUNTER",
        "color": "dark_red",
        "italic": false
      }
    ],
    "description": "歴戦の証",
    "frame": "goal",
    "show_toast": true,
    "announce_to_chat": true,
    "hidden": false
  },
  "parent": "us:collector/goat_horn",
  "criteria": {
    "1": {
      "trigger": "minecraft:inventory_changed",
      "conditions": {
        "items": [
          {
            "items": [
              "minecraft:creeper_head"
            ]
          }
        ]
      }
    },
    "2": {
      "trigger": "minecraft:inventory_changed",
      "conditions": {
        "items": [
          {
            "items": [
              "minecraft:dragon_head"
            ]
          }
        ]
      }
    },
    "3": {
      "trigger": "minecraft:inventory_changed",
      "conditions": {
        "items": [
          {
            "items": [
              "minecraft:zombie_head"
            ]
          }
        ]
      }
    },
    "4": {
      "trigger": "minecraft:inventory_changed",
      "conditions": {
        "items": [
          {
            "items": [
              "minecraft:skeleton_skull"
            ]
          }
        ]
      }
    },
    "5": {
      "trigger": "minecraft:inventory_changed",
      "conditions": {
        "items": [
          {
            "items": [
              "minecraft:wither_skeleton_skull"
            ]
          }
        ]
      }
    },
    "6": {
      "trigger": "minecraft:inventory_changed",
      "conditions": {
        "items": [
          {
            "items": [
              "minecraft:piglin_head"
            ]
          }
        ]
      }
    }
  },
  "rewards": {
    "function": "us:collector/heads"
  }
}
