{
  "display": {
    "icon": {
      "id": "minecraft:writable_book"
    },
    "title": "達成度",
    "description": "",
    "frame": "goal",
    "show_toast": false,
    "announce_to_chat": false,
    "hidden": false
  },
  "parent": "us:collector/collector",
  "criteria": {
    "record": {
      "trigger": "minecraft:impossible"
    },
    "sherd": {
      "trigger": "minecraft:impossible"
    },
    "spawn_egg": {
      "trigger": "minecraft:impossible"
    },
    "heads": {
      "trigger": "minecraft:impossible"
    },
    "bucket": {
      "trigger": "minecraft:impossible"
    },
    "goat_horn": {
      "trigger": "minecraft:impossible"
    }
  }
}
