{
  "display": {
    "icon": {
      "id": "minecraft:music_disc_stal"
    },
    "title": [
      {
        "text": "音",
        "color": "red"
      },
      {
        "text": "盤",
        "color": "gold"
      },
      {
        "text": "の",
        "color": "yellow"
      },
      {
        "text": "響",
        "color": "green"
      },
      {
        "text": "き",
        "color": "blue"
      }
    ],
    "description": "全てのレコードを手にする",
    "frame": "goal",
    "show_toast": true,
    "announce_to_chat": true,
    "hidden": false
  },
  "parent": "us:collector/progress",
  "criteria": {
    "5": {
      "trigger": "minecraft:inventory_changed",
      "conditions": {
        "items": [
          {
            "items": [
              "minecraft:music_disc_5"
            ]
          }
        ]
      }
    },
    "11": {
      "trigger": "minecraft:inventory_changed",
      "conditions": {
        "items": [
          {
            "items": [
              "minecraft:music_disc_11"
            ]
          }
        ]
      }
    },
    "13": {
      "trigger": "minecraft:inventory_changed",
      "conditions": {
        "items": [
          {
            "items": [
              "minecraft:music_disc_13"
            ]
          }
        ]
      }
    },
    "cat": {
      "trigger": "minecraft:inventory_changed",
      "conditions": {
        "items": [
          {
            "items": [
              "minecraft:music_disc_cat"
            ]
          }
        ]
      }
    },
    "blocks": {
      "trigger": "minecraft:inventory_changed",
      "conditions": {
        "items": [
          {
            "items": [
              "minecraft:music_disc_blocks"
            ]
          }
        ]
      }
    },
    "chirp": {
      "trigger": "minecraft:inventory_changed",
      "conditions": {
        "items": [
          {
            "items": [
              "minecraft:music_disc_chirp"
            ]
          }
        ]
      }
    },
    "far": {
      "trigger": "minecraft:inventory_changed",
      "conditions": {
        "items": [
          {
            "items": [
              "minecraft:music_disc_far"
            ]
          }
        ]
      }
    },
    "mall": {
      "trigger": "minecraft:inventory_changed",
      "conditions": {
        "items": [
          {
            "items": [
              "minecraft:music_disc_mall"
            ]
          }
        ]
      }
    },
    "mellohi": {
      "trigger": "minecraft:inventory_changed",
      "conditions": {
        "items": [
          {
            "items": [
              "minecraft:music_disc_mellohi"
            ]
          }
        ]
      }
    },
    "stal": {
      "trigger": "minecraft:inventory_changed",
      "conditions": {
        "items": [
          {
            "items": [
              "minecraft:music_disc_stal"
            ]
          }
        ]
      }
    },
    "strad": {
      "trigger": "minecraft:inventory_changed",
      "conditions": {
        "items": [
          {
            "items": [
              "minecraft:music_disc_strad"
            ]
          }
        ]
      }
    },
    "ward": {
      "trigger": "minecraft:inventory_changed",
      "conditions": {
        "items": [
          {
            "items": [
              "minecraft:music_disc_ward"
            ]
          }
        ]
      }
    },
    "wait": {
      "trigger": "minecraft:inventory_changed",
      "conditions": {
        "items": [
          {
            "items": [
              "minecraft:music_disc_wait"
            ]
          }
        ]
      }
    },
    "otherside": {
      "trigger": "minecraft:inventory_changed",
      "conditions": {
        "items": [
          {
            "items": [
              "minecraft:music_disc_otherside"
            ]
          }
        ]
      }
    },
    "Pigstep": {
      "trigger": "minecraft:inventory_changed",
      "conditions": {
        "items": [
          {
            "items": [
              "minecraft:music_disc_pigstep"
            ]
          }
        ]
      }
    },
    "Relic": {
      "trigger": "minecraft:inventory_changed",
      "conditions": {
        "items": [
          {
            "items": [
              "minecraft:music_disc_relic"
            ]
          }
        ]
      }
    }
  },
  "rewards": {
    "function": "us:collector/record"
  }
}
