{
  "display": {
    "icon": {
      "id": "minecraft:egg"
    },
    "title": [
      {
        "text": "ノアの箱舟",
        "color": "dark_aqua",
        "bold": false
      }
    ],
    "description": "全てのモブを保護する",
    "frame": "goal",
    "show_toast": true,
    "announce_to_chat": true,
    "hidden": false
  },
  "parent": "us:collector/sherd",
  "criteria": {
    "allay": {
      "trigger": "minecraft:inventory_changed",
      "conditions": {
        "items": [
          {
            "items": [
              "minecraft:allay_spawn_egg"
            ]
          }
        ]
      }
    },
    "axolotl": {
      "trigger": "minecraft:inventory_changed",
      "conditions": {
        "items": [
          {
            "items": [
              "minecraft:axolotl_spawn_egg"
            ]
          }
        ]
      }
    },
    "bat": {
      "trigger": "minecraft:inventory_changed",
      "conditions": {
        "items": [
          {
            "items": [
              "minecraft:bat_spawn_egg"
            ]
          }
        ]
      }
    },
    "bee": {
      "trigger": "minecraft:inventory_changed",
      "conditions": {
        "items": [
          {
            "items": [
              "minecraft:bee_spawn_egg"
            ]
          }
        ]
      }
    },
    "blaze": {
      "trigger": "minecraft:inventory_changed",
      "conditions": {
        "items": [
          {
            "items": [
              "minecraft:blaze_spawn_egg"
            ]
          }
        ]
      }
    },
    "cat": {
      "trigger": "minecraft:inventory_changed",
      "conditions": {
        "items": [
          {
            "items": [
              "minecraft:cat_spawn_egg"
            ]
          }
        ]
      }
    },
    "cave_spider": {
      "trigger": "minecraft:inventory_changed",
      "conditions": {
        "items": [
          {
            "items": [
              "minecraft:cave_spider_spawn_egg"
            ]
          }
        ]
      }
    },
    "chicken": {
      "trigger": "minecraft:inventory_changed",
      "conditions": {
        "items": [
          {
            "items": [
              "minecraft:chicken_spawn_egg"
            ]
          }
        ]
      }
    },
    "cod": {
      "trigger": "minecraft:inventory_changed",
      "conditions": {
        "items": [
          {
            "items": [
              "minecraft:cod_spawn_egg"
            ]
          }
        ]
      }
    },
    "cow": {
      "trigger": "minecraft:inventory_changed",
      "conditions": {
        "items": [
          {
            "items": [
              "minecraft:cow_spawn_egg"
            ]
          }
        ]
      }
    },
    "creeper": {
      "trigger": "minecraft:inventory_changed",
      "conditions": {
        "items": [
          {
            "items": [
              "minecraft:creeper_spawn_egg"
            ]
          }
        ]
      }
    },
    "dolphin": {
      "trigger": "minecraft:inventory_changed",
      "conditions": {
        "items": [
          {
            "items": [
              "minecraft:dolphin_spawn_egg"
            ]
          }
        ]
      }
    },
    "donkey": {
      "trigger": "minecraft:inventory_changed",
      "conditions": {
        "items": [
          {
            "items": [
              "minecraft:donkey_spawn_egg"
            ]
          }
        ]
      }
    },
    "drowned": {
      "trigger": "minecraft:inventory_changed",
      "conditions": {
        "items": [
          {
            "items": [
              "minecraft:drowned_spawn_egg"
            ]
          }
        ]
      }
    },
    "elder_guardian": {
      "trigger": "minecraft:inventory_changed",
      "conditions": {
        "items": [
          {
            "items": [
              "minecraft:elder_guardian_spawn_egg"
            ]
          }
        ]
      }
    },
    "enderman": {
      "trigger": "minecraft:inventory_changed",
      "conditions": {
        "items": [
          {
            "items": [
              "minecraft:enderman_spawn_egg"
            ]
          }
        ]
      }
    },
    "endermite": {
      "trigger": "minecraft:inventory_changed",
      "conditions": {
        "items": [
          {
            "items": [
              "minecraft:endermite_spawn_egg"
            ]
          }
        ]
      }
    },
    "evoker": {
      "trigger": "minecraft:inventory_changed",
      "conditions": {
        "items": [
          {
            "items": [
              "minecraft:evoker_spawn_egg"
            ]
          }
        ]
      }
    },
    "fox": {
      "trigger": "minecraft:inventory_changed",
      "conditions": {
        "items": [
          {
            "items": [
              "minecraft:fox_spawn_egg"
            ]
          }
        ]
      }
    },
    "frog": {
      "trigger": "minecraft:inventory_changed",
      "conditions": {
        "items": [
          {
            "items": [
              "minecraft:frog_spawn_egg"
            ]
          }
        ]
      }
    },
    "ghast": {
      "trigger": "minecraft:inventory_changed",
      "conditions": {
        "items": [
          {
            "items": [
              "minecraft:ghast_spawn_egg"
            ]
          }
        ]
      }
    },
    "glow_squid": {
      "trigger": "minecraft:inventory_changed",
      "conditions": {
        "items": [
          {
            "items": [
              "minecraft:glow_squid_spawn_egg"
            ]
          }
        ]
      }
    },
    "goat": {
      "trigger": "minecraft:inventory_changed",
      "conditions": {
        "items": [
          {
            "items": [
              "minecraft:goat_spawn_egg"
            ]
          }
        ]
      }
    },
    "guardian": {
      "trigger": "minecraft:inventory_changed",
      "conditions": {
        "items": [
          {
            "items": [
              "minecraft:guardian_spawn_egg"
            ]
          }
        ]
      }
    },
    "hoglin": {
      "trigger": "minecraft:inventory_changed",
      "conditions": {
        "items": [
          {
            "items": [
              "minecraft:hoglin_spawn_egg"
            ]
          }
        ]
      }
    },
    "horse": {
      "trigger": "minecraft:inventory_changed",
      "conditions": {
        "items": [
          {
            "items": [
              "minecraft:horse_spawn_egg"
            ]
          }
        ]
      }
    },
    "husk": {
      "trigger": "minecraft:inventory_changed",
      "conditions": {
        "items": [
          {
            "items": [
              "minecraft:husk_spawn_egg"
            ]
          }
        ]
      }
    },
    "iron_golem": {
      "trigger": "minecraft:inventory_changed",
      "conditions": {
        "items": [
          {
            "items": [
              "minecraft:iron_golem_spawn_egg"
            ]
          }
        ]
      }
    },
    "llama": {
      "trigger": "minecraft:inventory_changed",
      "conditions": {
        "items": [
          {
            "items": [
              "minecraft:llama_spawn_egg"
            ]
          }
        ]
      }
    },
    "magma_cube": {
      "trigger": "minecraft:inventory_changed",
      "conditions": {
        "items": [
          {
            "items": [
              "minecraft:magma_cube_spawn_egg"
            ]
          }
        ]
      }
    },
    "mooshroom": {
      "trigger": "minecraft:inventory_changed",
      "conditions": {
        "items": [
          {
            "items": [
              "minecraft:mooshroom_spawn_egg"
            ]
          }
        ]
      }
    },
    "mule": {
      "trigger": "minecraft:inventory_changed",
      "conditions": {
        "items": [
          {
            "items": [
              "minecraft:mule_spawn_egg"
            ]
          }
        ]
      }
    },
    "ocelot": {
      "trigger": "minecraft:inventory_changed",
      "conditions": {
        "items": [
          {
            "items": [
              "minecraft:ocelot_spawn_egg"
            ]
          }
        ]
      }
    },
    "panda": {
      "trigger": "minecraft:inventory_changed",
      "conditions": {
        "items": [
          {
            "items": [
              "minecraft:panda_spawn_egg"
            ]
          }
        ]
      }
    },
    "parrot": {
      "trigger": "minecraft:inventory_changed",
      "conditions": {
        "items": [
          {
            "items": [
              "minecraft:parrot_spawn_egg"
            ]
          }
        ]
      }
    },
    "phantom": {
      "trigger": "minecraft:inventory_changed",
      "conditions": {
        "items": [
          {
            "items": [
              "minecraft:phantom_spawn_egg"
            ]
          }
        ]
      }
    },
    "pig": {
      "trigger": "minecraft:inventory_changed",
      "conditions": {
        "items": [
          {
            "items": [
              "minecraft:pig_spawn_egg"
            ]
          }
        ]
      }
    },
    "piglin": {
      "trigger": "minecraft:inventory_changed",
      "conditions": {
        "items": [
          {
            "items": [
              "minecraft:piglin_spawn_egg"
            ]
          }
        ]
      }
    },
    "piglin_brute": {
      "trigger": "minecraft:inventory_changed",
      "conditions": {
        "items": [
          {
            "items": [
              "minecraft:piglin_brute_spawn_egg"
            ]
          }
        ]
      }
    },
    "pillager": {
      "trigger": "minecraft:inventory_changed",
      "conditions": {
        "items": [
          {
            "items": [
              "minecraft:pillager_spawn_egg"
            ]
          }
        ]
      }
    },
    "polar_bear": {
      "trigger": "minecraft:inventory_changed",
      "conditions": {
        "items": [
          {
            "items": [
              "minecraft:polar_bear_spawn_egg"
            ]
          }
        ]
      }
    },
    "pufferfish": {
      "trigger": "minecraft:inventory_changed",
      "conditions": {
        "items": [
          {
            "items": [
              "minecraft:pufferfish_spawn_egg"
            ]
          }
        ]
      }
    },
    "rabbit": {
      "trigger": "minecraft:inventory_changed",
      "conditions": {
        "items": [
          {
            "items": [
              "minecraft:rabbit_spawn_egg"
            ]
          }
        ]
      }
    },
    "ravager": {
      "trigger": "minecraft:inventory_changed",
      "conditions": {
        "items": [
          {
            "items": [
              "minecraft:ravager_spawn_egg"
            ]
          }
        ]
      }
    },
    "salmon": {
      "trigger": "minecraft:inventory_changed",
      "conditions": {
        "items": [
          {
            "items": [
              "minecraft:salmon_spawn_egg"
            ]
          }
        ]
      }
    },
    "sheep": {
      "trigger": "minecraft:inventory_changed",
      "conditions": {
        "items": [
          {
            "items": [
              "minecraft:sheep_spawn_egg"
            ]
          }
        ]
      }
    },
    "shulker": {
      "trigger": "minecraft:inventory_changed",
      "conditions": {
        "items": [
          {
            "items": [
              "minecraft:shulker_spawn_egg"
            ]
          }
        ]
      }
    },
    "silverfish": {
      "trigger": "minecraft:inventory_changed",
      "conditions": {
        "items": [
          {
            "items": [
              "minecraft:silverfish_spawn_egg"
            ]
          }
        ]
      }
    },
    "skeleton": {
      "trigger": "minecraft:inventory_changed",
      "conditions": {
        "items": [
          {
            "items": [
              "minecraft:skeleton_spawn_egg"
            ]
          }
        ]
      }
    },
    "skeleton_horse": {
      "trigger": "minecraft:inventory_changed",
      "conditions": {
        "items": [
          {
            "items": [
              "minecraft:skeleton_horse_spawn_egg"
            ]
          }
        ]
      }
    },
    "slime": {
      "trigger": "minecraft:inventory_changed",
      "conditions": {
        "items": [
          {
            "items": [
              "minecraft:slime_spawn_egg"
            ]
          }
        ]
      }
    },
    "snow_golem": {
      "trigger": "minecraft:inventory_changed",
      "conditions": {
        "items": [
          {
            "items": [
              "minecraft:snow_golem_spawn_egg"
            ]
          }
        ]
      }
    },
    "spider": {
      "trigger": "minecraft:inventory_changed",
      "conditions": {
        "items": [
          {
            "items": [
              "minecraft:spider_spawn_egg"
            ]
          }
        ]
      }
    },
    "squid": {
      "trigger": "minecraft:inventory_changed",
      "conditions": {
        "items": [
          {
            "items": [
              "minecraft:squid_spawn_egg"
            ]
          }
        ]
      }
    },
    "stray": {
      "trigger": "minecraft:inventory_changed",
      "conditions": {
        "items": [
          {
            "items": [
              "minecraft:stray_spawn_egg"
            ]
          }
        ]
      }
    },
    "strider": {
      "trigger": "minecraft:inventory_changed",
      "conditions": {
        "items": [
          {
            "items": [
              "minecraft:strider_spawn_egg"
            ]
          }
        ]
      }
    },
    "tadpole": {
      "trigger": "minecraft:inventory_changed",
      "conditions": {
        "items": [
          {
            "items": [
              "minecraft:tadpole_spawn_egg"
            ]
          }
        ]
      }
    },
    "trader_llama": {
      "trigger": "minecraft:inventory_changed",
      "conditions": {
        "items": [
          {
            "items": [
              "minecraft:trader_llama_spawn_egg"
            ]
          }
        ]
      }
    },
    "tropical_fish": {
      "trigger": "minecraft:inventory_changed",
      "conditions": {
        "items": [
          {
            "items": [
              "minecraft:tropical_fish_spawn_egg"
            ]
          }
        ]
      }
    },
    "turtle": {
      "trigger": "minecraft:inventory_changed",
      "conditions": {
        "items": [
          {
            "items": [
              "minecraft:turtle_spawn_egg"
            ]
          }
        ]
      }
    },
    "vex": {
      "trigger": "minecraft:inventory_changed",
      "conditions": {
        "items": [
          {
            "items": [
              "minecraft:vex_spawn_egg"
            ]
          }
        ]
      }
    },
    "villager": {
      "trigger": "minecraft:inventory_changed",
      "conditions": {
        "items": [
          {
            "items": [
              "minecraft:villager_spawn_egg"
            ]
          }
        ]
      }
    },
    "vindicator": {
      "trigger": "minecraft:inventory_changed",
      "conditions": {
        "items": [
          {
            "items": [
              "minecraft:vindicator_spawn_egg"
            ]
          }
        ]
      }
    },
    "wandering_trader": {
      "trigger": "minecraft:inventory_changed",
      "conditions": {
        "items": [
          {
            "items": [
              "minecraft:wandering_trader_spawn_egg"
            ]
          }
        ]
      }
    },
    "warden": {
      "trigger": "minecraft:inventory_changed",
      "conditions": {
        "items": [
          {
            "items": [
              "minecraft:warden_spawn_egg"
            ]
          }
        ]
      }
    },
    "witch": {
      "trigger": "minecraft:inventory_changed",
      "conditions": {
        "items": [
          {
            "items": [
              "minecraft:witch_spawn_egg"
            ]
          }
        ]
      }
    },
    "wither_skeleton": {
      "trigger": "minecraft:inventory_changed",
      "conditions": {
        "items": [
          {
            "items": [
              "minecraft:wither_skeleton_spawn_egg"
            ]
          }
        ]
      }
    },
    "wolf": {
      "trigger": "minecraft:inventory_changed",
      "conditions": {
        "items": [
          {
            "items": [
              "minecraft:wolf_spawn_egg"
            ]
          }
        ]
      }
    },
    "zoglin": {
      "trigger": "minecraft:inventory_changed",
      "conditions": {
        "items": [
          {
            "items": [
              "minecraft:zoglin_spawn_egg"
            ]
          }
        ]
      }
    },
    "zombie": {
      "trigger": "minecraft:inventory_changed",
      "conditions": {
        "items": [
          {
            "items": [
              "minecraft:zombie_spawn_egg"
            ]
          }
        ]
      }
    },
    "zombie_villager": {
      "trigger": "minecraft:inventory_changed",
      "conditions": {
        "items": [
          {
            "items": [
              "minecraft:zombie_villager_spawn_egg"
            ]
          }
        ]
      }
    },
    "zombified_piglin": {
      "trigger": "minecraft:inventory_changed",
      "conditions": {
        "items": [
          {
            "items": [
              "minecraft:zombified_piglin_spawn_egg"
            ]
          }
        ]
      }
    },
    "camel": {
      "trigger": "minecraft:inventory_changed",
      "conditions": {
        "items": [
          {
            "items": [
              "minecraft:camel_spawn_egg"
            ]
          }
        ]
      }
    },
    "sniffer": {
      "trigger": "minecraft:inventory_changed",
      "conditions": {
        "items": [
          {
            "items": [
              "minecraft:sniffer_spawn_egg"
            ]
          }
        ]
      }
    }
  },
  "rewards": {
    "function": "us:collector/spawn_egg"
  }
}
